position,confederation,n_players,mean_shap_log,mean_abs_shap_log,mean_counterfactual_eur
DEF,AFC,12,-0.00014989403037664792,0.00014989403037664792,-1680.78125
DEF,CAF,85,-0.0003411722556098967,0.0003411722556098967,-1480.077205882353
DEF,CONCACAF,16,-0.00016079097986221313,0.00016079097986221313,-2146.9140625
DEF,CONMEBOL,69,-0.00038868516276124865,0.00038868516276124865,-2363.0235507246375
DEF,UEFA,596,0.00014200128173754838,0.00014200128173754838,848.2860213926175
FWD,AFC,11,0.0,0.0,0.0
FWD,CAF,82,0.0,0.0,0.0
FWD,CONCACAF,12,0.0,0.0,0.0
FWD,CONMEBOL,46,0.0,0.0,0.0
FWD,OFC,2,0.0,0.0,0.0
FWD,UEFA,334,0.0,0.0,0.0
GK,AFC,3,0.0,0.0,0.0
GK,CAF,7,0.0,0.0,0.0
GK,CONMEBOL,10,0.0,0.0,0.0
GK,UEFA,139,0.0,0.0,0.0
MID,AFC,12,0.00030971122085992226,0.002443998573081332,13023.672589058076
MID,CAF,85,-0.06745705493206187,0.06745705493206189,-646271.766173574
MID,CONCACAF,13,0.0020489324928981765,0.0038344000423683557,35624.68923394959
MID,CONMEBOL,51,0.005917021280748729,0.006441454318698703,181527.36468340052
MID,OFC,1,-0.001297927594567613,0.001297927594567613,-3973.6160624995828
MID,UEFA,475,0.011409873630790976,0.011409873630790976,178135.16941506806
