position,league,n_players,mean_shap_log,mean_abs_shap_log,mean_counterfactual_eur
DEF,de_Bundesliga,150,-0.15140940884749093,0.15140940884749093,-1211692.17125
DEF,eng_Premier_League,160,0.6476414820179344,0.6476414820179344,9287740.651953125
DEF,es_La_Liga,143,-0.14599985902855447,0.14599985902855447,-1120340.1477272727
DEF,fr_Ligue_1,146,-0.2306122510400537,0.2306122510400537,-1831023.1170804794
DEF,it_Serie_A,179,-0.14804871384491466,0.14804871384491466,-1109046.8622555865
FWD,de_Bundesliga,83,-0.09988923577300038,0.10035135596990585,-939524.1370481928
FWD,eng_Premier_League,106,0.5258971656549651,0.5258971656549651,9877253.545695756
FWD,es_La_Liga,107,-0.10926291170730212,0.10926291170730212,-934292.8624415888
FWD,fr_Ligue_1,87,-0.25155253999534694,0.25155253999534694,-3056883.6186242816
FWD,it_Serie_A,104,-0.09839939888423452,0.09839939888423452,-973509.7397836539
GK,de_Bundesliga,31,-0.09155124589641654,0.09155124589641656,-416865.57635359844
GK,eng_Premier_League,32,0.33745399494884787,0.33745399494884787,3000852.0267701
GK,es_La_Liga,32,-0.08109335587379682,0.08109335587379682,-477872.91976709024
GK,fr_Ligue_1,28,-0.0813621921755484,0.0813621921755484,-527615.6797387422
GK,it_Serie_A,36,-0.07866803473707787,0.07866803473707788,-444870.8257924655
MID,de_Bundesliga,120,-0.12066073065516185,0.12066073065516185,-1140490.4819261297
MID,eng_Premier_League,125,0.6952304537644226,0.6952304537644227,12473598.487981303
MID,es_La_Liga,139,-0.2196175640738622,0.21961756407386226,-2073635.4690153452
MID,fr_Ligue_1,113,-0.1910472672130378,0.1910472672130378,-1844223.7561676556
MID,it_Serie_A,140,-0.13486992276084273,0.13486992276084275,-1213748.6378099434
